id,image_name
0,0.png
1,1.png
10,10.png
100,100.png
101,101.png
102,102.png
103,103.png
104,104.png
105,105.png
106,106.png
107,107.png
108,108.png
109,109.png
11,11.png
110,110.png
111,111.png
112,112.png
113,113.png
114,114.png
115,115.png
116,116.png
117,117.png
118,118.png
119,119.png
12,12.png
120,120.png
121,121.png
122,122.png
123,123.png
124,124.png
125,125.png
126,126.png
127,127.png
128,128.png
129,129.png
13,13.png
130,130.png
131,131.png
132,132.png
133,133.png
134,134.png
135,135.png
136,136.png
137,137.png
138,138.png
139,139.png
14,14.png
140,140.png
141,141.png
142,142.png
143,143.png
144,144.png
145,145.png
146,146.png
147,147.png
148,148.png
149,149.png
15,15.png
150,150.png
151,151.png
152,152.png
153,153.png
154,154.png
155,155.png
156,156.png
157,157.png
158,158.png
159,159.png
16,16.png
160,160.png
161,161.png
162,162.png
163,163.png
164,164.png
165,165.png
166,166.png
167,167.png
168,168.png
169,169.png
17,17.png
170,170.png
171,171.png
172,172.png
173,173.png
174,174.png
175,175.png
176,176.png
177,177.png
178,178.png
179,179.png
18,18.png
180,180.png
181,181.png
182,182.png
183,183.png
184,184.png
185,185.png
186,186.png
187,187.png
188,188.png
189,189.png
19,19.png
190,190.png
191,191.png
192,192.png
193,193.png
194,194.png
195,195.png
196,196.png
197,197.png
198,198.png
199,199.png
2,2.png
20,20.png
200,200.png
201,201.png
202,202.png
203,203.png
204,204.png
205,205.png
206,206.png
207,207.png
208,208.png
209,209.png
21,21.png
210,210.png
211,211.png
212,212.png
213,213.png
214,214.png
215,215.png
216,216.png
217,217.png
218,218.png
219,219.png
22,22.png
220,220.png
221,221.png
222,222.png
223,223.png
224,224.png
225,225.png
226,226.png
227,227.png
228,228.png
229,229.png
23,23.png
230,230.png
231,231.png
232,232.png
233,233.png
234,234.png
235,235.png
236,236.png
237,237.png
238,238.png
239,239.png
24,24.png
240,240.png
241,241.png
242,242.png
243,243.png
244,244.png
245,245.png
246,246.png
247,247.png
248,248.png
249,249.png
25,25.png
250,250.png
251,251.png
252,252.png
253,253.png
254,254.png
255,255.png
256,256.png
257,257.png
258,258.png
259,259.png
26,26.png
260,260.png
261,261.png
262,262.png
263,263.png
264,264.png
265,265.png
266,266.png
267,267.png
268,268.png
269,269.png
27,27.png
270,270.png
271,271.png
272,272.png
273,273.png
274,274.png
275,275.png
276,276.png
277,277.png
278,278.png
279,279.png
28,28.png
280,280.png
281,281.png
282,282.png
283,283.png
284,284.png
285,285.png
286,286.png
287,287.png
288,288.png
289,289.png
29,29.png
290,290.png
291,291.png
292,292.png
293,293.png
294,294.png
295,295.png
296,296.png
297,297.png
298,298.png
299,299.png
3,3.png
30,30.png
300,300.png
301,301.png
302,302.png
303,303.png
304,304.png
305,305.png
306,306.png
307,307.png
308,308.png
309,309.png
31,31.png
310,310.png
311,311.png
312,312.png
313,313.png
314,314.png
315,315.png
316,316.png
317,317.png
318,318.png
319,319.png
32,32.png
320,320.png
321,321.png
322,322.png
323,323.png
324,324.png
325,325.png
326,326.png
327,327.png
328,328.png
329,329.png
33,33.png
330,330.png
331,331.png
332,332.png
333,333.png
334,334.png
335,335.png
336,336.png
337,337.png
338,338.png
339,339.png
34,34.png
340,340.png
341,341.png
342,342.png
343,343.png
344,344.png
345,345.png
346,346.png
347,347.png
348,348.png
349,349.png
35,35.png
350,350.png
351,351.png
352,352.png
353,353.png
354,354.png
355,355.png
356,356.png
357,357.png
358,358.png
359,359.png
36,36.png
360,360.png
361,361.png
362,362.png
363,363.png
364,364.png
365,365.png
366,366.png
367,367.png
368,368.png
369,369.png
37,37.png
370,370.png
371,371.png
372,372.png
373,373.png
374,374.png
375,375.png
376,376.png
377,377.png
378,378.png
379,379.png
38,38.png
380,380.png
381,381.png
382,382.png
383,383.png
384,384.png
385,385.png
386,386.png
387,387.png
388,388.png
389,389.png
39,39.png
390,390.png
391,391.png
392,392.png
393,393.png
394,394.png
395,395.png
396,396.png
397,397.png
398,398.png
399,399.png
4,4.png
40,40.png
41,41.png
42,42.png
43,43.png
44,44.png
45,45.png
46,46.png
47,47.png
48,48.png
49,49.png
5,5.png
50,50.png
51,51.png
52,52.png
53,53.png
54,54.png
55,55.png
56,56.png
57,57.png
58,58.png
59,59.png
6,6.png
60,60.png
61,61.png
62,62.png
63,63.png
64,64.png
65,65.png
66,66.png
67,67.png
68,68.png
69,69.png
7,7.png
70,70.png
71,71.png
72,72.png
73,73.png
74,74.png
75,75.png
76,76.png
77,77.png
78,78.png
79,79.png
8,8.png
80,80.png
81,81.png
82,82.png
83,83.png
84,84.png
85,85.png
86,86.png
87,87.png
88,88.png
89,89.png
9,9.png
90,90.png
91,91.png
92,92.png
93,93.png
94,94.png
95,95.png
96,96.png
97,97.png
98,98.png
99,99.png
